emp_no,salary,from_date,to_date,"average salary"
10237,122275,1998-08-09,1999-08-09,124111.0000
10304,121296,1999-11-15,2000-11-14,121074.3333
10521,120116,2002-05-08,9999-01-01,120116.0000
10532,122653,2002-05-14,9999-01-01,122653.0000
10539,120763,1998-06-03,1999-06-03,124179.6000
10548,123959,2000-06-30,2001-06-30,124936.6667
10897,123527,1998-04-06,1999-04-06,130769.6000
10955,121465,1998-09-24,1999-09-24,123714.0000
11149,123381,1999-08-23,2000-08-22,124772.6667
11402,121574,2000-03-06,2001-03-06,123476.6667
11486,121366,1992-05-29,1993-05-29,132020.1818
11537,122147,2000-07-02,2001-07-02,124616.3333
11785,121741,2000-07-01,2001-07-01,121925.3333
11797,121902,2000-08-27,2001-08-27,122338.5000
11857,120258,1995-08-25,1996-08-24,128694.4286
11908,122132,2001-10-12,9999-01-01,122132.0000
11942,121724,2002-04-02,9999-01-01,121724.0000
12099,120846,2001-02-13,2002-02-13,121666.5000
12149,120126,1994-09-30,1995-09-30,131255.1250
12199,120296,1994-06-20,1995-06-20,130064.1111
12411,121553,1998-08-14,1999-08-14,124924.0000
12438,120982,1996-12-18,1997-12-18,123825.3333
12523,120563,2001-01-19,2002-01-19,122123.5000
12541,121968,2000-08-28,2001-08-28,122731.0000
12643,120062,2000-12-30,2001-12-30,120062.0000
12681,121536,1998-12-17,1999-12-17,126110.0000
12703,121796,2001-11-18,9999-01-01,121796.0000
13043,120122,2000-02-07,2001-02-06,121765.6667
13056,120745,2000-05-12,2001-05-12,123019.3333
13186,122602,1999-04-26,2000-04-25,123959.7500
13212,120213,2002-02-02,9999-01-01,120213.0000
13305,121655,1992-07-15,1993-07-15,124706.6667
13329,121086,2001-02-15,2002-02-15,122446.0000
13386,122664,1996-02-21,1997-02-20,132933.5714
13403,122667,2000-10-28,2001-10-28,122608.0000
13555,120304,1994-11-06,1995-11-06,126689.2500
13916,121816,1997-06-03,1998-06-03,127201.4000
14461,121213,2002-04-16,9999-01-01,121213.0000
14487,121949,1993-02-07,1994-02-07,131982.5000
14508,120318,1992-02-17,1993-02-16,127832.0000
14523,121038,1994-07-21,1995-07-21,126436.4444
14544,121102,1998-04-01,1999-04-01,125564.2000
14618,122291,1999-12-24,2000-12-23,124847.3333
14783,120626,1993-08-24,1994-08-24,123899.5556
14894,121767,2001-02-15,2002-02-15,122411.0000
14969,120665,1998-12-31,1999-12-31,124888.0000
15039,123398,1993-04-17,1994-04-17,129049.9000
15043,120057,2001-03-15,2002-03-15,120340.0000
15071,120204,2001-10-12,9999-01-01,120204.0000
15176,120900,2001-11-13,9999-01-01,120900.0000
15271,121354,2000-12-01,2001-12-01,122864.0000
15292,120800,2001-07-27,2002-07-27,120971.5000
15371,123896,1998-11-03,1999-11-03,126317.2500
15391,120264,2001-02-04,2002-02-04,121603.5000
15558,120846,2000-12-16,2001-12-16,121493.0000
15598,120247,1999-10-04,2000-10-03,122327.0000
15784,123145,2001-10-27,9999-01-01,123145.0000
15925,120614,2001-06-21,2002-06-21,122185.5000
16025,120033,2002-03-02,9999-01-01,120033.0000
16107,123357,2002-03-26,9999-01-01,123357.0000
16117,123408,2002-06-19,9999-01-01,123408.0000
16205,120358,2000-10-09,2001-10-09,122518.5000
16225,120246,1996-02-11,1997-01-17,120246.0000
16307,122759,2002-07-17,9999-01-01,122759.0000
16389,120201,2002-05-07,9999-01-01,120201.0000
16435,120764,1999-05-25,2000-05-24,124626.0000
16446,121457,2001-07-02,2002-07-02,123134.5000
16681,121658,1994-12-06,1995-12-06,126547.6250
16822,122434,2001-07-16,2002-07-16,122338.5000
16844,120754,2000-03-02,2001-03-02,123123.3333
16887,120465,1998-02-03,1999-02-03,124969.6000
16908,122585,1998-05-19,1999-05-19,127725.8000
17037,122809,2001-01-30,2002-01-30,123869.5000
17063,123654,1999-12-09,2000-12-08,125279.6667
17238,120814,1993-07-05,1994-07-05,129145.8000
17367,121885,2002-01-20,9999-01-01,121885.0000
17951,120731,2000-07-17,2001-07-17,120891.0000
18006,120711,1991-09-02,1992-09-01,134241.7273
18164,122049,2000-01-17,2001-01-16,124993.0000
18174,123505,1996-07-05,1997-07-05,131221.8571
18425,120591,1999-09-01,2000-08-31,122824.6667
18527,122841,2000-02-03,2001-02-02,125300.0000
18581,121530,1999-07-20,2000-07-19,126902.5000
18588,121376,1999-06-29,2000-06-28,124016.0000
18760,122470,1997-11-26,1998-11-26,127335.4000
18843,122060,1996-04-27,1997-04-27,128057.5714
18997,120868,1993-02-21,1994-02-21,132486.6000
19248,122219,2001-02-20,2002-02-20,122832.0000
19427,120282,1996-11-09,1997-11-09,123862.3333
19498,120998,2000-06-14,2001-06-14,122231.0000
19612,121867,2000-08-21,2001-08-21,123925.0000
19874,122175,1998-02-01,1999-02-01,127526.8000
20004,123749,1995-11-24,1996-11-23,128211.5000
20145,121065,2002-05-15,9999-01-01,121065.0000
20170,123149,2000-10-25,2001-10-25,124010.0000
20305,121639,1996-10-09,1997-10-09,126840.8333
20424,121458,2002-07-30,9999-01-01,121458.0000
20496,120053,2002-06-11,9999-01-01,120053.0000
20658,121612,2000-08-02,2001-08-02,122935.5000
20728,120072,1996-02-16,1997-02-15,127892.2857
20813,121587,1995-09-30,1996-09-29,124879.2857
20817,120824,1997-11-13,1998-11-13,126858.0000
20979,120251,2000-09-26,2001-09-26,120769.0000
21143,121377,2000-11-21,2001-11-21,121630.5000
21413,120701,1992-06-22,1993-06-22,127089.2727
21462,121351,2002-05-24,9999-01-01,121351.0000
21587,122232,1993-03-01,1994-03-01,131021.9000
21624,120609,2000-04-10,2001-04-10,123579.0000
21731,123339,2001-05-30,2002-05-30,123682.5000
21963,121670,2001-02-17,2002-02-17,122391.5000
22204,120286,2001-03-30,2002-03-30,121681.5000
22338,120176,1998-10-26,1999-10-26,124560.0000
22607,121025,2000-10-28,2001-10-28,122614.5000
22613,120375,2000-05-28,2001-05-28,122566.0000
22661,120534,1999-10-05,2000-04-03,120534.0000
22728,120801,1998-11-18,1999-11-18,125195.0000
22737,123022,1998-08-08,1999-08-08,124741.5000
22783,120810,1999-02-03,2000-02-03,122644.7500
22786,120025,1996-08-22,1997-08-22,123402.1667
22840,120994,1998-03-26,1999-03-26,123915.3333
23189,122102,2002-02-18,9999-01-01,122102.0000
23260,120030,2000-12-22,2001-12-22,120498.0000
23314,120173,2002-07-20,9999-01-01,120173.0000
23376,121600,2001-04-29,2002-04-29,122385.5000
23397,121924,1997-04-17,1998-04-17,127660.5000
23505,120419,1991-09-05,1992-09-04,123269.0000
23605,121349,2001-12-01,9999-01-01,121349.0000
23652,122346,1998-03-29,1999-03-29,123761.2000
23676,120378,2002-06-11,9999-01-01,120378.0000
23767,121743,1994-04-20,1995-04-20,130994.2222
23778,120039,1999-03-19,2000-03-18,122771.7500
23960,121152,2000-08-11,2001-08-11,122352.0000
24099,120667,1992-05-10,1993-05-10,129879.3636
24210,121520,2002-01-04,9999-01-01,121520.0000
24225,123357,1999-11-06,2000-11-05,124984.0000
24392,120328,1999-03-14,2000-03-13,122600.5000
24500,122238,2002-06-08,9999-01-01,122238.0000
24588,121229,1997-03-25,1998-03-25,122753.1667
24795,120805,1999-06-22,2000-06-21,123400.2500
24872,120923,1999-11-29,2000-11-28,123430.6667
24888,120568,2001-03-27,2002-03-27,122314.5000
24946,121078,1999-09-26,2000-09-25,122699.0000
25040,122495,2000-07-26,2001-07-26,123637.0000
25072,121243,2000-12-21,2001-12-21,121070.0000
25243,122237,2001-08-07,9999-01-01,122237.0000
25472,120775,1992-04-16,1993-04-16,128326.6364
25537,120079,1997-07-02,1998-07-02,125669.1667
25551,120643,2001-01-16,2001-10-27,120643.0000
25659,121184,1994-06-14,1995-06-14,124253.2222
25882,123347,2002-06-03,9999-01-01,123347.0000
25929,122634,1999-05-22,2000-05-21,125036.0000
26031,120880,2001-03-24,2002-03-24,120994.0000
26115,120637,1999-06-22,2000-06-21,124615.7500
26227,123026,1997-10-13,1998-10-13,128127.4000
26276,120800,2000-03-07,2001-03-07,123829.3333
26317,120642,1997-07-11,1998-07-11,129140.3333
26631,122463,1997-02-02,1998-02-02,127781.0000
26808,121267,2001-10-28,9999-01-01,121267.0000
27165,121733,2000-11-10,2001-11-10,123619.0000
27525,122324,2002-05-17,9999-01-01,122324.0000
27567,122515,2002-05-01,9999-01-01,122515.0000
27695,120966,1997-05-21,1998-05-21,122784.3333
27860,120094,2001-08-27,9999-01-01,120094.0000
27941,120041,2000-09-05,2001-09-05,121598.0000
28067,120652,1995-04-03,1996-04-02,128593.7500
28124,123100,1993-12-24,1994-12-24,128037.2222
28242,120132,2001-06-11,2002-06-11,122272.0000
28252,120301,2001-05-18,2002-05-18,122398.5000
28301,120446,1996-12-07,1997-12-07,123155.2000
28337,121557,1995-03-27,1996-03-26,129853.1250
28373,120844,1995-11-27,1996-11-26,127548.8571
28521,121399,1998-12-26,1999-12-26,126012.5000
28555,121708,2001-05-19,2002-05-19,121608.0000
28761,120616,1997-04-22,1998-04-22,126634.6667
28923,121404,2000-05-17,2001-05-17,124746.0000
29224,121874,1999-04-10,2000-04-09,123755.5000
29625,121721,1998-05-12,1999-05-12,125927.0000
29642,120546,1999-02-09,2000-02-09,124542.0000
29820,120223,2000-10-12,2001-10-12,120783.5000
29887,122155,1998-10-08,1998-11-07,122155.0000
29936,121127,2001-04-04,2002-04-03,122844.0000
29941,121517,2001-10-08,9999-01-01,121517.0000
30153,123143,1996-08-19,1997-08-19,130543.3333
30208,123536,2000-10-08,2001-10-08,124243.0000
30240,120660,1999-03-27,2000-03-26,125482.7500
30249,122920,2002-03-27,9999-01-01,122920.0000
30260,122248,1998-08-11,1999-08-11,124395.0000
30696,120237,1998-07-12,1999-07-12,124732.8000
30697,121124,2002-03-10,9999-01-01,121124.0000
30730,120177,1994-02-10,1995-02-10,125184.2222
30830,120511,1995-01-30,1996-01-30,128509.8750
30928,121623,2000-09-07,2001-09-07,123422.0000
31127,121253,2000-12-16,2001-12-16,123435.5000
31159,120994,1997-01-03,1998-01-03,124989.5000
31166,120112,2001-12-20,9999-01-01,120112.0000
31521,120136,2000-08-29,2001-08-29,121204.0000
31665,120989,1993-03-15,1994-03-15,129675.2000
31700,120236,1992-12-10,1993-12-10,129604.1000
31750,120206,2002-03-11,9999-01-01,120206.0000
31830,120295,2002-05-19,9999-01-01,120295.0000
32103,120801,2002-01-30,9999-01-01,120801.0000
33008,121216,2002-04-30,9999-01-01,121216.0000
33209,120430,2001-07-28,2002-07-28,121641.5000
33291,120398,2002-02-16,9999-01-01,120398.0000
33543,121354,2000-12-15,2001-12-15,121287.0000
33582,120310,1997-11-26,1998-11-26,123545.6000
33617,123813,1994-12-28,1995-12-28,128835.8750
33701,120986,1995-02-24,1996-02-24,122744.2500
33760,120405,1999-01-15,2000-01-15,122865.2500
34382,120512,2001-02-04,2002-02-04,121102.0000
34482,121468,2002-05-15,9999-01-01,121468.0000
34546,121503,2001-07-12,2002-07-12,121511.5000
34550,121040,1995-11-01,1996-10-31,125291.5714
34751,120292,1997-03-15,1998-03-15,124440.8333
34947,121200,2001-04-18,2002-04-18,122690.5000
35213,120034,1999-05-09,1999-10-22,120034.0000
35367,120720,1993-02-27,1994-02-27,125160.8000
35539,121410,2001-06-25,2002-06-25,123165.0000
35717,120169,1994-10-25,1995-02-16,120169.0000
35766,121272,1997-01-27,1998-01-27,125856.2500
35783,120107,2000-07-07,2001-07-07,121189.5000
36155,122906,2000-11-09,2001-11-09,124723.5000
36213,120292,1999-02-14,2000-02-14,125356.7500
36219,121522,1992-07-27,1993-07-27,135652.3636
36437,121071,2002-03-19,9999-01-01,121071.0000
36644,121472,1996-09-13,1997-09-13,125011.0000
37228,122038,2002-03-19,9999-01-01,122038.0000
37237,121632,2000-02-11,2001-02-10,123086.3333
37312,120276,1996-05-22,1997-05-22,123585.8571
37330,120417,2002-01-21,9999-01-01,120417.0000
37414,123261,2001-05-02,2002-05-02,123251.5000
37525,122141,2002-03-08,9999-01-01,122141.0000
37558,125469,1989-02-23,1990-02-23,138215.8571
37765,120455,2000-11-28,2001-11-28,120979.0000
37869,121363,2002-04-01,9999-01-01,121363.0000
37913,122151,2001-10-14,9999-01-01,122151.0000
37917,120959,2001-03-19,2002-03-19,120964.5000
38019,120611,2001-12-18,9999-01-01,120611.0000
38161,120954,2001-02-13,2002-02-13,121258.0000
38187,120384,1998-08-05,1999-08-05,123186.2500
38320,120917,1999-06-19,2000-06-18,123549.2500
38351,121839,1997-07-22,1998-07-22,125650.1667
38666,120432,2001-01-26,2002-01-26,122222.5000
38763,120441,2001-12-20,9999-01-01,120441.0000
39002,121083,1995-09-08,1996-09-07,125235.2857
39174,122738,1998-10-19,1999-10-19,125383.7500
39910,122092,2001-06-19,2002-06-19,122193.5000
39964,120487,1991-04-06,1992-04-05,131024.3333
39998,120222,2002-04-19,9999-01-01,120222.0000
40224,120081,2002-06-25,9999-01-01,120081.0000
40295,120435,1998-12-24,1999-12-24,123593.7500
40296,121273,2002-07-14,9999-01-01,121273.0000
40302,120085,1998-07-19,1999-07-19,121649.6000
40324,123351,2001-06-10,2002-06-10,124779.5000
40461,122791,2002-01-25,9999-01-01,122791.0000
40475,121239,2001-10-08,9999-01-01,121239.0000
40557,121766,1996-11-17,1997-11-17,126061.3333
40761,120830,2000-04-06,2001-04-06,123637.6667
40912,120102,1999-09-17,2000-09-16,120255.5000
41074,120483,1998-01-29,1999-01-29,127397.0000
41293,120456,2001-10-08,9999-01-01,120456.0000
41307,120988,1991-02-10,1992-02-10,129854.6667
41756,121522,2001-09-25,9999-01-01,121522.0000
41822,120969,1993-05-07,1994-05-07,133355.2000
41858,120025,1999-09-14,2000-09-13,123466.0000
41964,120801,2002-05-01,9999-01-01,120801.0000
42011,120929,1994-06-23,1995-06-23,127926.1111
42190,122196,1995-06-09,1996-06-08,126968.6250
42491,121648,2001-09-03,9999-01-01,121648.0000
42497,120358,1991-12-07,1992-12-06,128086.6000
42829,121738,1998-04-03,1999-04-03,123309.0000
42936,120811,1997-06-25,1998-06-25,122949.6667
43019,120827,1998-08-17,1999-08-17,123966.2500
43020,121708,2002-01-14,2002-03-02,121708.0000
43222,120624,1999-05-15,2000-05-14,121806.0000
43480,121221,1996-10-16,1997-10-16,130014.1667
43482,120226,1993-12-08,1994-12-08,122535.4000
43558,121539,2000-06-23,2001-06-23,124389.3333
43560,123432,2000-02-04,2001-02-03,124067.6667
43618,122854,1999-09-12,2000-09-11,125718.3333
43624,123270,1987-03-26,1988-03-25,141106.2500
43703,121029,1999-09-25,2000-09-24,122725.6667
43741,123209,2000-11-15,2001-11-15,124826.5000
43874,121530,2001-02-12,2002-02-12,122872.5000
43888,121155,2000-12-20,2001-12-20,121199.0000
43891,122627,2000-02-01,2001-01-31,122565.3333
43973,123508,2002-02-16,9999-01-01,123508.0000
44178,120250,1998-07-03,1999-07-03,123758.2000
44188,127238,1991-03-16,1992-03-15,132560.6667
44299,123700,2002-02-26,9999-01-01,123700.0000
44362,122258,1998-12-11,1999-12-11,124677.2500
44465,120657,1993-03-15,1994-03-15,133765.3000
45115,122235,1995-04-18,1996-04-17,124843.6667
45280,120497,2000-09-06,2001-09-06,120394.0000
45546,122233,1999-02-24,2000-02-24,123395.0000
46021,122857,2002-05-08,9999-01-01,122857.0000
46151,122116,2001-06-04,2002-06-04,122402.5000
46228,122437,1999-08-22,2000-08-21,123193.0000
46396,121076,2002-05-30,9999-01-01,121076.0000
46439,122696,1989-05-18,1990-05-18,136935.1429
46488,121177,2000-11-10,2001-11-10,122710.0000
46588,122198,2002-03-25,9999-01-01,122198.0000
46660,120547,1998-07-12,1999-07-12,127882.2000
46664,120028,1999-12-15,2000-12-14,120601.5000
46792,120156,2000-07-08,2001-07-08,121335.6667
46852,122617,2001-12-27,9999-01-01,122617.0000
47006,122144,2001-02-28,2002-02-28,123257.0000
47286,120927,1991-09-05,1992-09-04,130935.9091
47637,121034,1997-07-31,1998-07-31,123513.0000
47737,121467,2001-01-16,2002-01-16,123044.5000
47750,120023,1997-04-29,1998-04-29,125347.8333
47755,123719,2000-02-23,2001-02-22,125969.0000
47978,120009,1989-07-17,1990-07-17,136673.0714
48092,120945,2000-03-09,2001-03-09,121947.6667
48247,122971,1998-09-25,1999-09-25,123626.7500
48384,120979,1998-03-03,1999-03-03,123108.4000
48407,120022,2000-02-20,2001-02-19,120928.6667
48534,121038,2001-05-04,2002-05-04,121659.5000
48571,121468,1998-02-28,1999-02-28,125880.6000
48595,120933,2000-12-31,2001-12-31,122303.5000
48678,120325,1995-03-03,1996-03-02,126207.7143
48742,121906,2001-11-02,9999-01-01,121906.0000
48941,121454,2001-02-24,2002-02-24,123592.0000
48943,120249,1999-10-31,2000-10-30,124428.6667
49039,120895,2001-10-07,9999-01-01,120895.0000
49058,120780,1995-02-12,1996-02-12,130070.5000
49068,121837,2002-08-01,9999-01-01,121837.0000
49083,123085,1998-08-05,1999-08-05,127885.7500
49203,120241,2002-01-15,9999-01-01,120241.0000
49232,123687,1995-12-23,1996-12-22,132372.7143
49349,121782,2002-06-10,9999-01-01,121782.0000
49465,120356,1991-02-15,1992-02-15,127027.2500
49471,121992,1997-12-04,1998-12-04,125904.8000
49639,122133,1998-11-10,1999-11-10,122872.5000
49667,120702,2001-11-27,9999-01-01,120702.0000
49861,120103,2001-12-09,9999-01-01,120103.0000
50141,121047,1999-11-02,2000-11-01,123715.3333
50274,120670,2001-07-04,2002-07-04,120420.5000
50369,120401,2002-06-01,9999-01-01,120401.0000
50478,122164,1997-07-22,1998-07-22,128863.6667
50517,121433,1996-10-08,1997-10-08,122658.8333
50864,121779,2000-12-16,2001-12-16,123637.5000
50889,122280,2000-10-03,2001-10-03,124393.0000
51022,121645,1998-03-04,1999-03-04,124387.6000
51400,120416,1997-12-19,1998-12-19,126241.2000
51465,123215,2001-04-07,2002-04-06,124711.0000
51531,120828,1989-11-05,1990-11-05,133399.8462
51554,122593,2000-07-06,2001-07-06,126115.6667
51639,120620,1995-11-09,1996-11-08,128909.8571
51926,121458,2000-12-28,2001-12-28,123361.0000
51995,121223,1997-03-13,1998-03-13,126271.1667
52017,122519,2001-09-12,9999-01-01,122519.0000
52442,120410,2002-07-12,9999-01-01,120410.0000
52491,120747,1998-02-07,1999-02-07,124143.4000
52546,120102,2000-03-09,2001-03-09,120823.0000
52773,122602,1999-03-07,2000-03-06,125436.5000
53022,120943,2000-05-08,2001-05-08,123648.6667
53049,121799,1996-04-14,1997-04-14,129261.5714
53197,120383,1993-03-22,1994-03-22,129197.4000
53402,121263,1987-11-05,1988-11-04,130506.6000
53407,122081,2001-11-23,9999-01-01,122081.0000
53578,124055,1993-03-25,1994-03-25,128187.6000
53618,121453,2000-11-11,2001-11-11,121701.5000
53663,121662,1996-07-30,1997-07-30,125706.4286
53748,120306,2000-05-31,2001-05-31,123299.0000
54135,123473,2000-03-29,2001-03-29,127537.3333
54147,121196,2001-12-24,9999-01-01,121196.0000
54164,121363,2001-11-19,9999-01-01,121363.0000
54260,121260,2002-01-12,9999-01-01,121260.0000
54655,121314,2000-02-18,2001-02-17,123608.0000
54684,120410,2002-02-19,9999-01-01,120410.0000
54811,123349,2000-01-19,2001-01-18,127724.3333
54937,121311,2001-02-09,2002-02-09,121740.0000
55122,120420,2000-05-15,2001-05-15,122570.6667
55267,121440,1997-12-17,1998-12-17,123346.6000
55773,121541,1994-09-18,1995-09-18,129132.2500
56012,120614,1989-07-19,1990-07-19,131355.2143
56136,123307,2002-03-31,9999-01-01,123307.0000
56350,120458,1999-12-01,2000-11-30,122684.3333
56397,120920,1999-02-16,2000-02-16,120854.0000
56581,122010,2002-05-12,9999-01-01,122010.0000
56592,122475,2001-07-28,2002-07-28,124174.0000
56715,121419,2002-05-29,9999-01-01,121419.0000
56777,122849,1998-06-20,1999-06-20,128951.6000
56817,120887,2000-12-04,2001-12-04,122333.5000
57003,121433,1990-12-18,1991-12-18,129506.2500
57092,123841,1999-04-13,2000-04-12,125232.7500
57183,121050,1997-04-17,1998-04-17,124981.8333
57667,120999,2000-05-05,2001-05-05,124225.0000
57730,122308,1999-09-20,2000-09-19,124109.0000
57821,121972,1997-10-23,1998-10-23,124308.2000
57977,120637,2001-08-23,9999-01-01,120637.0000
58231,120414,1995-11-23,1996-11-22,128880.5714
58274,121410,2002-07-06,9999-01-01,121410.0000
58351,122386,1993-09-02,1994-09-02,129399.3750
58482,120110,2000-09-05,2001-09-05,120364.5000
58563,120310,1999-07-23,2000-07-22,123671.2500
58620,123445,2000-09-11,2001-09-11,123612.5000
58745,121723,2000-10-16,2001-10-16,122880.0000
58746,120844,1994-03-16,1995-03-16,131388.7778
59008,121076,1996-08-01,1997-08-01,127693.0000
59162,121756,2001-02-06,2002-02-06,122717.0000
59414,121625,1999-07-31,2000-07-30,123796.7500
59442,120858,2002-04-27,9999-01-01,120858.0000
59445,120122,1995-12-12,1996-12-11,124742.2857
59587,122404,2001-06-04,2002-06-04,123307.0000
59666,123254,2001-05-03,2002-05-03,123358.5000
59876,122930,2001-06-03,2002-06-03,123561.0000
59971,121503,1999-04-11,2000-04-10,124454.6667
60036,120243,2000-10-30,2001-10-30,120292.0000
60217,122739,1995-03-20,1996-03-19,127777.7500
60224,121685,2002-04-03,9999-01-01,121685.0000
60312,124224,1996-05-11,1997-05-11,126797.3333
60361,122663,1999-01-31,2000-01-31,125366.0000
60371,121685,2002-06-28,9999-01-01,121685.0000
60469,121946,2002-04-27,9999-01-01,121946.0000
60598,121329,1994-11-24,1995-11-24,126553.2500
60605,121030,1997-04-20,1998-04-20,124698.8000
60723,123160,1995-05-16,1996-05-15,130737.0000
60784,121378,2002-04-01,9999-01-01,121378.0000
60869,120280,2000-07-21,2001-07-21,121977.0000
60919,120966,2002-05-18,9999-01-01,120966.0000
60952,122329,2000-07-04,2001-07-04,125287.3333
61036,121158,1998-09-05,1999-09-05,125591.2500
61124,120203,2001-02-23,2002-02-23,121159.5000
61160,120252,2001-02-24,2002-02-24,120432.5000
61205,120251,1998-08-09,1999-08-09,123193.2500
61642,120608,2001-05-26,2002-05-26,122853.5000
61751,121074,1996-12-03,1997-12-03,123744.1667
61865,121400,2001-06-07,2002-06-07,121788.0000
62269,120387,1998-10-28,1999-10-28,122505.2500
62571,122318,1998-03-21,1999-03-21,126842.6000
62646,120132,1992-08-18,1993-08-18,127121.7000
62695,121396,2001-01-03,2002-01-03,122281.5000
62709,121642,1997-08-23,1998-08-23,126868.8000
62843,122128,2001-10-10,9999-01-01,122128.0000
62897,120750,1997-07-07,1998-07-07,127555.5000
63408,121394,2001-08-18,9999-01-01,121394.0000
63516,122668,2001-02-12,2002-02-12,124235.5000
63523,120620,1999-04-19,2000-04-18,123052.5000
63725,124036,2000-06-11,2001-06-11,125647.0000
63836,123018,1999-08-06,2000-08-05,125085.0000
63873,121911,2001-10-29,9999-01-01,121911.0000
64214,122501,1999-07-28,2000-07-27,122594.0000
64559,120917,2002-05-02,9999-01-01,120917.0000
64633,120948,1999-01-16,2000-01-16,123711.5000
64779,120141,1998-07-23,1999-07-23,123744.6000
64813,122222,1997-07-30,1998-07-30,125090.8333
64877,121360,2000-11-16,2001-11-16,121589.0000
64902,120582,2000-02-15,2001-02-14,121947.3333
64958,122368,2002-07-09,9999-01-01,122368.0000
65362,122742,1999-07-02,2000-07-01,126737.7500
65474,120055,1997-05-07,1998-05-07,124859.4000
65485,121961,2001-07-25,2002-07-25,122589.0000
65797,122313,2001-01-13,2002-01-13,123136.5000
65813,121943,1996-11-20,1997-11-20,127275.6667
65894,122363,1997-11-02,1998-11-02,125793.4000
65966,120559,1998-12-06,1999-12-06,122910.7500
66090,120805,2001-09-01,9999-01-01,120805.0000
66181,123379,1998-02-21,1999-02-21,128611.6000
66273,120063,2000-07-30,2001-07-30,123687.0000
66431,121023,2001-08-12,9999-01-01,121023.0000
66602,120325,2000-11-23,2001-11-23,122349.5000
66773,120666,2000-09-09,2001-09-09,121436.0000
66793,120271,1989-06-19,1990-06-19,138026.9286
66810,121518,1999-03-20,2000-03-19,124803.5000
66821,120262,1999-01-05,2000-01-05,122583.7500
66827,120009,2001-07-15,2002-07-15,121546.5000
66841,120429,2000-10-04,2001-10-04,120681.0000
66953,120594,1999-11-27,2000-11-26,120972.3333
67001,121209,2000-10-30,2001-10-30,122709.5000
67073,120078,2001-12-08,9999-01-01,120078.0000
67277,120464,1996-08-21,1997-08-21,124335.0000
67320,120240,2000-05-06,2001-05-06,120847.0000
67459,121778,2001-06-26,2002-06-26,122202.5000
67662,120642,1998-04-21,1999-04-21,126690.8000
67950,120689,1999-10-17,2000-10-16,122123.6667
67999,121521,1993-07-26,1994-07-26,129478.3000
68086,122737,1989-07-29,1990-07-29,132057.7857
68235,120469,2001-02-09,2002-02-09,122602.5000
69104,120857,1996-11-01,1997-11-01,127694.8333
69162,121428,1999-11-08,2000-11-07,122628.0000
69186,123222,2001-04-01,2002-04-01,123598.5000
69378,120713,1996-06-14,1997-06-14,125771.7500
69514,122159,2000-10-29,2001-10-29,124233.5000
69578,120331,1995-08-22,1996-08-21,127017.7143
69665,123212,1996-09-17,1997-09-17,128232.1667
69745,120328,2001-08-19,9999-01-01,120328.0000
69787,123455,2000-09-10,2001-09-10,125467.0000
70028,120164,2001-01-07,2002-01-07,121785.0000
70087,123154,1997-07-15,1998-07-15,127347.6667
70180,122523,2000-12-25,2001-12-25,122782.0000
70223,120240,2000-12-21,2001-12-21,120453.5000
70303,122181,1999-04-27,2000-04-26,126306.0000
70324,120061,1998-06-02,1999-06-02,122796.4000
70508,120268,1995-04-20,1996-04-19,127165.6250
70707,120175,2002-07-24,9999-01-01,120175.0000
70757,121026,1995-10-06,1996-10-05,128892.1429
71057,121419,1997-02-09,1998-02-09,127659.0000
71329,121371,2001-12-05,9999-01-01,121371.0000
71407,121256,1998-10-19,1999-10-19,125157.5000
71728,120946,2000-12-20,2001-12-20,121271.5000
72067,120897,2000-01-12,2001-01-11,122567.0000
72127,120317,2002-08-01,9999-01-01,120317.0000
72131,120993,1997-12-20,1998-12-20,122851.8000
72534,123081,2001-05-24,2002-05-24,123655.5000
72535,120367,1998-12-29,1999-12-29,122696.0000
72680,123009,1995-03-13,1996-03-12,132674.7500
72702,120413,2001-10-19,9999-01-01,120413.0000
72755,120968,2002-05-09,9999-01-01,120968.0000
73036,120624,1996-11-20,1997-11-20,123788.0000
73224,120742,2002-02-19,9999-01-01,120742.0000
73286,122269,2000-09-21,2001-09-21,122459.0000
73319,122763,2002-07-24,9999-01-01,122763.0000
73336,122294,2001-12-29,9999-01-01,122294.0000
73350,123191,2002-07-05,9999-01-01,123191.0000
73445,121050,2000-03-18,2001-03-18,122843.0000
73474,120310,1997-05-07,1998-05-07,125549.8333
73644,120722,1998-10-24,1999-10-24,121579.5000
73866,120364,2000-07-13,2001-07-13,123030.6667
73928,121024,2000-02-19,2001-02-18,122311.3333
73982,124025,2002-07-14,9999-01-01,124025.0000
74098,120131,1997-07-03,1998-07-03,124476.1667
74245,120226,1998-05-23,1999-05-23,125085.6000
74405,123986,1999-02-12,2000-02-12,128744.0000
74496,120829,2001-12-06,9999-01-01,120829.0000
74635,123617,1995-06-13,1996-06-12,132346.0000
74676,121120,2000-09-23,2001-09-23,121335.5000
74703,123949,2001-12-26,9999-01-01,123949.0000
74704,120116,1999-07-25,2000-07-24,123687.7500
74848,123732,2002-05-11,9999-01-01,123732.0000
74926,121394,1996-12-07,1997-12-07,126808.0000
75061,120942,2002-06-10,9999-01-01,120942.0000
75090,121218,2002-02-02,9999-01-01,121218.0000
75118,122559,2002-06-20,9999-01-01,122559.0000
75138,123397,2001-01-29,2002-01-29,123652.5000
75170,123170,2000-05-02,2001-05-02,123446.0000
75280,120039,2001-12-06,9999-01-01,120039.0000
75332,120369,1996-03-07,1997-03-07,127214.1429
75470,121180,1999-10-13,2000-10-12,120870.0000
75734,121713,1998-11-20,1999-11-20,122912.5000
75855,120748,2001-11-27,9999-01-01,120748.0000
75865,122879,2001-04-29,2002-04-29,122975.5000
75906,122417,1999-07-02,2000-07-01,124639.5000
75946,120121,1999-06-04,2000-06-03,122181.7500
76073,122940,2002-03-18,9999-01-01,122940.0000
76113,120719,2002-07-08,9999-01-01,120719.0000
76125,120516,1993-05-17,1994-05-17,131279.5000
76203,122150,2000-07-15,2001-07-15,125474.3333
76503,120204,2000-03-27,2001-03-27,122534.3333
76527,121985,1997-05-11,1998-05-11,125023.8333
77023,123809,2000-10-01,2001-10-01,124243.5000
77129,121228,1997-03-11,1998-03-11,125562.3333
77152,123071,1997-07-08,1998-07-08,129515.1667
77173,123484,2000-12-14,2001-12-14,123307.0000
77255,123219,1999-03-12,2000-03-11,125094.5000
77471,121563,1999-04-25,2000-04-24,126216.0000
77801,120319,2000-05-07,2001-05-07,121802.0000
77844,123076,1998-05-16,1999-05-16,128130.8000
78008,123218,1995-07-06,1996-07-05,132974.0000
78039,120704,1999-03-10,2000-03-09,123330.0000
78209,123287,2000-05-31,2001-05-31,124485.3333
78739,122518,2001-06-26,2002-06-26,123140.5000
78767,120526,1992-08-09,1993-08-09,128672.3000
78842,120067,1999-01-25,2000-01-25,122136.7500
78951,120108,1997-08-25,1998-08-25,126213.8000
78985,122528,2000-10-19,2001-10-19,122867.0000
79371,120411,2000-02-04,2001-02-03,122961.0000
79435,120165,1998-11-02,1999-11-02,122066.5000
79509,120165,1997-05-21,1998-05-21,125865.8333
79538,123667,1999-09-01,2000-08-31,124642.0000
79620,121188,2001-11-29,9999-01-01,121188.0000
79632,121284,1999-12-24,2000-12-23,122539.6667
80158,122613,2001-11-13,9999-01-01,122613.0000
80258,123265,1999-01-08,2000-01-08,124973.0000
80352,121181,2001-11-11,9999-01-01,121181.0000
80545,121399,1999-03-23,2000-03-22,124779.2500
80565,122363,1998-07-13,1999-07-13,126338.2000
80649,120908,1998-11-23,1999-11-23,124847.2500
80823,121133,1989-02-25,1990-02-25,136937.0000
80873,122488,1997-08-23,1998-08-23,126372.4000
80937,120859,1992-08-07,1993-08-07,130558.3000
81196,120159,2002-03-05,9999-01-01,120159.0000
81201,120824,1997-07-08,1998-07-08,125543.3333
81207,121864,2002-06-28,9999-01-01,121864.0000
81358,120295,1999-05-21,2000-05-20,124587.5000
81527,120704,1995-07-07,1996-07-06,124882.5000
81933,120993,1996-05-03,1997-05-03,126786.8571
82109,121686,2000-03-18,2001-03-18,123663.0000
82157,122761,2001-12-14,9999-01-01,122761.0000
82358,120419,2002-01-14,9999-01-01,120419.0000
82560,121271,1999-07-27,2000-07-26,123059.5000
82618,120065,2002-07-05,9999-01-01,120065.0000
82668,123160,2002-05-19,9999-01-01,123160.0000
82734,120199,1996-09-28,1997-09-28,121181.1667
82754,120379,1999-06-09,2000-06-08,124164.5000
82799,121325,2001-12-24,9999-01-01,121325.0000
82998,120525,2002-03-22,9999-01-01,120525.0000
83379,121640,2000-02-16,2001-02-15,124452.0000
83426,120739,2001-07-29,2002-07-29,121493.5000
83528,123338,1998-10-14,1999-10-14,126645.0000
83878,120826,2002-06-11,9999-01-01,120826.0000
84052,122401,1994-04-27,1995-04-27,132635.0000
84147,123849,1995-03-28,1996-03-27,131207.3750
84297,121070,2000-03-06,2001-03-06,122620.3333
84304,122159,1998-03-17,1999-03-17,125343.8000
84386,123308,2002-03-31,9999-01-01,123308.0000
84659,120118,1990-09-12,1991-09-12,124050.1818
84669,121552,1996-12-19,1997-12-19,127746.0000
84821,120062,2002-05-06,9999-01-01,120062.0000
84858,121719,1999-03-03,2000-03-02,125859.0000
84920,120991,2002-04-28,9999-01-01,120991.0000
85017,122369,1996-07-09,1997-07-09,128587.0000
85111,123506,1999-05-07,2000-05-06,126026.5000
85126,120915,1998-09-12,1999-09-12,123759.2500
85641,122743,1999-05-07,2000-05-06,127515.2500
85881,120266,1999-10-05,2000-10-04,124285.0000
85939,121376,2000-11-29,2001-11-29,121845.5000
86091,123867,2002-05-31,9999-01-01,123867.0000
86108,120052,1998-11-25,1999-11-25,123085.2500
86154,121152,2001-05-03,2002-05-03,123149.0000
86176,123570,1999-05-12,2000-05-11,127198.5000
86180,123396,2002-05-28,9999-01-01,123396.0000
86289,122351,1996-10-27,1997-10-27,123732.2000
86512,123048,2002-04-24,9999-01-01,123048.0000
86533,122466,2002-02-13,9999-01-01,122466.0000
86537,120576,1996-07-07,1997-07-07,124782.4000
86549,122637,1999-06-22,1999-10-15,122637.0000
86631,121884,1998-07-10,1999-07-10,128205.0000
86775,122899,2002-01-28,9999-01-01,122899.0000
86853,120290,1998-04-19,1999-04-19,126531.0000
87234,121932,1995-09-03,1996-09-02,129149.4286
87374,120824,2000-10-06,2001-10-06,122806.0000
87515,121131,2000-02-20,2001-02-19,124141.3333
87687,121741,1996-09-11,1997-09-11,124792.0000
87768,121360,2000-08-23,2001-08-23,123204.5000
87882,122146,1999-04-02,2000-04-01,124825.5000
87965,122424,1997-04-04,1998-04-04,128489.0000
87983,122163,2002-01-21,9999-01-01,122163.0000
88291,122545,1995-11-28,1996-11-27,122488.0000
88307,120777,2002-07-19,9999-01-01,120777.0000
88410,120351,1998-09-28,1999-09-28,122045.0000
88544,120984,2000-04-16,2001-04-16,122656.3333
88783,120657,1996-01-27,1996-12-08,120657.0000
89245,121547,1999-12-18,2000-12-17,123706.0000
89496,120308,1997-10-19,1998-10-19,124050.0000
89591,120861,2000-03-18,2001-03-18,122285.6667
89656,120673,2001-07-24,2002-07-24,122845.5000
89825,120870,1989-05-22,1990-05-22,132478.6429
90511,122669,2001-07-17,2002-07-17,123993.5000
90537,122172,2000-06-24,2001-06-24,122964.6667
90637,123283,2000-01-31,2001-01-30,124602.0000
90714,121017,2000-10-27,2001-10-27,121234.5000
91185,121472,2001-08-16,9999-01-01,121472.0000
91187,123432,2000-05-15,2001-05-15,123592.6667
91384,122051,2000-09-08,2001-09-08,123172.5000
91457,123542,2002-06-05,9999-01-01,123542.0000
91774,120358,2001-12-29,9999-01-01,120358.0000
91855,120342,1999-12-17,2000-12-16,121346.3333
91935,120150,1991-04-13,1992-04-12,133464.1667
91966,120100,2001-11-08,9999-01-01,120100.0000
92028,121458,2000-04-07,2001-04-07,123413.6667
92168,120282,2001-07-15,2002-07-15,121976.0000
92199,120844,2002-06-12,9999-01-01,120844.0000
92313,121092,2001-10-19,9999-01-01,121092.0000
92677,121573,2000-12-31,2001-12-31,123651.0000
92726,121699,1996-03-15,1997-03-15,127686.7143
92933,122353,1997-11-05,1998-11-05,125021.4000
92945,120076,2002-03-03,9999-01-01,120076.0000
93185,123024,2002-05-31,9999-01-01,123024.0000
93414,120059,1996-06-01,1997-06-01,128468.8571
93433,120018,2000-04-12,2001-04-12,122253.0000
93588,120385,2000-12-01,2001-12-01,122159.0000
93623,121111,2001-02-04,2002-02-04,122057.0000
93837,120471,1999-09-13,2000-09-12,123254.0000
93960,120305,2001-04-19,2002-04-19,121098.0000
94658,122086,2000-08-04,2001-08-04,122464.0000
95247,121982,2000-03-25,2001-03-25,123812.6667
95442,121015,2000-01-12,2001-01-11,123847.6667
95601,121334,1997-09-03,1998-09-03,124278.6000
95941,122843,1998-08-10,1999-08-10,125263.5000
95994,120157,2000-09-21,2001-09-21,122381.0000
95998,121441,1999-11-28,2000-11-27,121774.3333
96097,123477,1999-05-14,2000-05-13,126689.5000
96308,122396,2000-01-30,2001-01-29,125045.0000
96407,120041,1997-06-23,1998-06-23,127243.0000
96547,122121,2001-10-11,9999-01-01,122121.0000
96596,123954,1996-07-25,1997-07-25,130906.2857
96936,120848,2001-08-06,9999-01-01,120848.0000
96957,120433,1991-07-29,1992-07-28,132391.1667
97150,120008,1996-03-01,1997-03-01,123838.8571
97321,120286,2000-06-28,2001-06-28,123858.0000
97466,120190,2002-01-03,9999-01-01,120190.0000
97695,120424,1998-07-09,1999-07-09,125237.8000
97765,120113,1999-11-03,2000-11-02,120573.5000
97838,121993,2001-04-05,2002-04-04,123906.5000
97848,120216,2001-05-02,2002-05-02,121057.5000
98017,121442,2002-05-17,9999-01-01,121442.0000
98087,122675,2000-07-13,2001-07-13,124569.0000
98123,121692,1995-02-15,1996-02-15,124197.1250
98169,120032,1987-01-20,1988-01-20,135347.3333
98271,120095,2000-01-21,2000-12-10,120095.0000
98409,121225,2002-04-09,9999-01-01,121225.0000
98860,120796,2001-10-21,9999-01-01,120796.0000
99133,122351,2000-07-28,2001-07-28,125224.0000
99775,121377,1999-10-09,1999-12-10,121377.0000
99846,121446,2002-01-09,9999-01-01,121446.0000
100586,122480,2001-07-06,2002-07-06,123263.5000
100693,121780,2002-05-19,9999-01-01,121780.0000
100800,121041,2001-07-11,2002-07-11,120929.0000
100998,120153,2001-07-23,2002-07-23,120916.0000
101172,123075,1995-03-18,1996-03-17,131568.0000
101197,122252,2002-02-21,9999-01-01,122252.0000
101264,120316,2002-05-19,9999-01-01,120316.0000
101269,122907,1995-01-03,1996-01-03,127442.5000
101271,122280,1999-10-20,2000-10-19,124101.0000
101421,123411,1999-01-21,2000-01-21,126384.0000
101627,120361,2000-09-25,2001-09-25,121194.0000
101631,121854,1998-09-29,1999-09-29,123430.2500
101705,120438,1999-07-10,2000-07-09,124109.7500
102007,120383,2001-10-17,9999-01-01,120383.0000
102019,121565,2002-06-02,9999-01-01,121565.0000
102078,121141,1995-05-29,1996-05-28,130177.0000
102294,122855,2002-06-22,9999-01-01,122855.0000
102372,122205,2001-01-09,2002-01-09,122039.5000
102433,122401,2002-03-27,9999-01-01,122401.0000
102435,121762,2002-05-10,9999-01-01,121762.0000
102557,120498,2001-07-16,2002-07-16,122035.0000
102662,122181,1998-08-01,1999-08-01,123996.6000
102806,120616,1996-03-27,1997-03-27,127326.7143
102931,120095,1996-10-31,1997-10-31,127681.1667
102962,122927,1988-09-23,1989-09-23,138005.1429
103015,121781,2000-10-29,2001-10-29,122332.5000
103070,120702,1997-09-01,1998-09-01,121020.5000
103154,121954,2001-08-17,9999-01-01,121954.0000
103704,121644,2001-08-07,9999-01-01,121644.0000
103782,121518,1998-06-28,1999-06-28,123550.0000
103804,121685,1996-09-20,1997-09-20,125399.2500
103828,121635,1999-09-24,2000-09-23,122900.3333
103898,120465,1997-10-02,1998-10-02,126478.0000
104080,121456,1997-10-05,1998-10-05,127387.2000
104109,121477,2001-01-26,2002-01-26,122374.5000
104110,122359,2001-03-01,2002-03-01,123707.0000
104207,121831,1997-11-30,1998-11-30,127881.2000
104238,121343,2000-02-07,2001-02-06,122937.3333
104364,122627,2002-01-11,9999-01-01,122627.0000
104374,121958,2002-01-02,9999-01-01,121958.0000
104693,120138,2001-10-11,9999-01-01,120138.0000
104733,120075,2001-07-16,2002-07-16,120636.0000
104762,121937,1998-10-28,1999-10-28,123602.2500
104870,123940,1997-04-09,1998-04-09,128953.6667
104955,120394,1999-09-15,2000-09-14,123723.0000
105083,121619,1999-02-17,2000-02-17,124796.5000
105111,120958,2000-07-07,2001-07-07,122697.0000
105237,123500,1998-09-14,1999-09-14,127417.2500
105431,120915,1998-12-02,1999-12-02,122729.5000
105437,123984,1999-08-22,2000-08-21,125355.3333
105501,120866,2002-06-01,9999-01-01,120866.0000
105506,122955,1995-07-05,1996-07-04,130172.1250
105673,120238,1999-02-15,2000-02-15,122136.2500
106186,120636,1997-09-04,1998-09-04,121345.0000
106201,123238,1998-04-22,1999-04-22,126181.8000
106630,122043,1998-04-29,1999-04-29,126181.6000
106644,120300,2001-06-11,2002-06-11,121074.5000
106895,120002,2002-07-04,9999-01-01,120002.0000
106897,120915,2001-10-02,9999-01-01,120915.0000
106946,120182,1993-12-05,1994-12-05,127339.3333
106959,120771,2000-08-30,2001-08-30,122716.0000
106980,121763,2001-07-17,2002-07-17,121713.5000
106990,123317,1997-09-28,1998-09-28,126194.4000
107098,121211,1994-10-04,1995-10-04,129902.6250
107140,122310,1993-12-06,1994-12-06,131127.5556
107343,122323,2000-07-26,2001-07-26,123182.0000
107430,121164,1998-05-12,1999-05-12,122835.0000
107455,120349,1999-04-30,2000-04-29,122593.2500
107467,122932,2000-06-23,2001-06-23,125912.6667
107474,120171,1999-02-21,2000-02-21,121879.5000
107584,122738,2002-07-20,9999-01-01,122738.0000
107632,121024,1997-09-06,1998-09-06,126959.6000
107960,120215,2002-06-24,9999-01-01,120215.0000
108023,122852,1997-01-13,1998-01-13,124344.7500
108356,121927,1997-10-04,1998-10-04,126342.8000
108593,121842,1997-01-29,1998-01-29,128840.5000
108734,120365,1993-07-16,1994-07-16,126733.0000
108855,120354,2001-01-03,2002-01-03,120354.0000
108926,120318,2000-07-04,2001-07-04,120776.6667
109084,122883,1997-11-21,1998-11-21,128330.6000
109216,120070,1999-03-10,2000-03-09,124427.5000
109334,123668,1985-02-15,1986-02-15,141835.3333
109380,120182,1999-05-14,2000-05-13,122431.2500
109462,122116,1997-11-19,1998-11-19,128250.0000
109499,122516,2002-06-30,9999-01-01,122516.0000
109560,122353,2001-06-08,2002-06-08,122919.0000
109857,121767,2001-10-12,9999-01-01,121767.0000
200247,120817,1999-05-22,2000-05-21,125767.5000
200620,120781,1999-05-17,2000-05-16,124008.2500
200625,120566,1995-01-14,1996-01-14,128226.5000
200907,120506,2001-02-07,2002-02-07,122089.0000
200956,120713,2002-01-25,9999-01-01,120713.0000
201051,120090,2002-04-14,9999-01-01,120090.0000
201121,120588,2002-06-06,9999-01-01,120588.0000
201154,123476,2001-01-25,2002-01-25,125498.5000
201181,121149,2002-02-01,9999-01-01,121149.0000
201228,120144,2000-11-19,2001-11-19,121297.0000
201484,122175,2001-01-03,2002-01-03,123172.0000
201542,121675,1999-06-13,2000-06-12,123256.7500
201659,122389,1999-12-27,2000-12-26,125657.3333
